{"name":"DoresOvarios","identifier":"ME5JV3UKB1","description":"Ajuda a entender o que pode causar dores no ovário.","parentIntentSignature":null,"sampleUtterances":[{"utterance":"O que pode ser dores nos ovários?"},{"utterance":"Estou com dores nos ovários"},{"utterance":"dores nos ovários"}],"intentConfirmationSetting":null,"intentClosingSetting":null,"inputContexts":null,"outputContexts":null,"kendraConfiguration":null,"dialogCodeHook":null,"fulfillmentCodeHook":{"fulfillmentUpdatesSpecification":null,"postFulfillmentStatusSpecification":{"failureResponse":{"allowInterrupt":true,"messageGroupsList":[{"message":{"imageResponseCard":null,"ssmlMessage":null,"customPayload":null,"plainTextMessage":{"value":"Algo deu errado, você poderia tentar com outras palavras?"}},"variations":null}]},"successResponse":{"allowInterrupt":true,"messageGroupsList":[{"message":{"imageResponseCard":null,"ssmlMessage":null,"customPayload":null,"plainTextMessage":{"value":"As dores nos ovários acontecem durante o período de ovulação e podem estar associadas à patologias como Síndrome dos Ovários Policísticos, Endometriose, Doença Inflamatória Pélvica, entre outros.. É recomendada a visita ao médico ginecologista para maiores investigações e diagnóstico. O Lilium possui parceria com alguns profissionais e facilita o seu agendamento, para agendar agora digite: Agendar ginecologista parceiro"}},"variations":null}]},"timeoutResponse":null},"enabled":false},"slotPriorities":[]}