{"name":"Nome","identifier":"WODXX2R0OX","description":null,"slotTypeName":"AMAZON.FirstName","obfuscationSetting":null,"valueElicitationSetting":{"promptSpecification":{"allowInterrupt":true,"messageGroupsList":[{"message":{"imageResponseCard":null,"ssmlMessage":null,"customPayload":null,"plainTextMessage":{"value":"Olá, sou a Lilian e to aqui pra te ajudar. Qual o seu nome?"}},"variations":null}],"maxRetries":4},"slotConstraint":"Required","defaultValueSpecification":null,"sampleUtterances":[{"utterance":"Eu sou {Nome}"},{"utterance":"meu nome é {Nome}"}],"waitAndContinueSpecification":null},"multipleValuesSetting":null}