{"name":"LilianApresenta","identifier":"3YOLRF0GNP","description":"Apresenta a Lilian e conhece o usuário","parentIntentSignature":null,"sampleUtterances":[{"utterance":"Olá"},{"utterance":"Oi"},{"utterance":"Como usar o Lilium"},{"utterance":"Me ajude"}],"intentConfirmationSetting":null,"intentClosingSetting":{"isActive":true,"closingResponse":{"allowInterrupt":true,"messageGroupsList":[{"message":{"imageResponseCard":null,"ssmlMessage":null,"customPayload":null,"plainTextMessage":{"value":"Certo, {Nome}. Com poucas palavras, em que mais posso te ajudar?"}},"variations":null}]}},"inputContexts":null,"outputContexts":null,"kendraConfiguration":null,"dialogCodeHook":null,"fulfillmentCodeHook":{"fulfillmentUpdatesSpecification":null,"postFulfillmentStatusSpecification":null,"enabled":false},"slotPriorities":[{"priority":1,"slotName":"Nome"}]}