{"name":"DuvidaCicloDias","identifier":"4PGBVFBDB7","description":"Ajuda o usuário a entender quantos dias dura o ciclo menstrual.","parentIntentSignature":null,"sampleUtterances":[{"utterance":"Quantos dias dura um ciclo menstrual?"},{"utterance":"Duração do ciclo"},{"utterance":"Qual a duração do ciclo?"},{"utterance":"dias do ciclo"}],"intentConfirmationSetting":null,"intentClosingSetting":null,"inputContexts":null,"outputContexts":null,"kendraConfiguration":null,"dialogCodeHook":null,"fulfillmentCodeHook":{"fulfillmentUpdatesSpecification":null,"postFulfillmentStatusSpecification":{"failureResponse":{"allowInterrupt":true,"messageGroupsList":[{"message":{"imageResponseCard":null,"ssmlMessage":null,"customPayload":null,"plainTextMessage":{"value":"Hm... acho que podemos tentar de outra forma. Que tal falar algo como: Qual a duração do ciclo?"}},"variations":null}]},"successResponse":{"allowInterrupt":true,"messageGroupsList":[{"message":{"imageResponseCard":null,"ssmlMessage":null,"customPayload":null,"plainTextMessage":{"value":" O ciclo menstrual inicia no primeiro dia da menstruação e normalmente se apresenta como sangramento vermelho vivo, de intensidade variável. É contado pelo número de dias e, embora a definição do ciclo “normal” seja de 28 dias, são considerados normais os ciclos com duração de 21 até 35 dias."}},"variations":null}]},"timeoutResponse":null},"enabled":false},"slotPriorities":[]}