{"name":"MenstruacaoAtrasada","identifier":"H2CVDM2UBX","description":"Ajuda a entender os motivos para a menstruação estar atrasada","parentIntentSignature":null,"sampleUtterances":[{"utterance":"Minha menstruação está atrasada"},{"utterance":"menstruação atrasada"},{"utterance":"ciclo atrasado"},{"utterance":"meu ciclo está atrasado"}],"intentConfirmationSetting":{"isActive":true,"declinationResponse":{"allowInterrupt":true,"messageGroupsList":[{"message":{"imageResponseCard":null,"ssmlMessage":null,"customPayload":null,"plainTextMessage":{"value":"Não encontrei resposta para essa pergunta, você poderia tentar com outras palavras?"}},"variations":null}]},"promptSpecification":{"allowInterrupt":true,"messageGroupsList":[{"message":{"imageResponseCard":null,"ssmlMessage":null,"customPayload":null,"plainTextMessage":{"value":"Estress, uso de medicamentos, distúrbios hormonais, uso de anticoncepcional, alterações uterinas, gravidez, entre outros, são fatores que podem atrasar o início do fluxo menstrual! Quando o atraso ocorre entre 3 a 6 meses, o nome técnico para a ausência da menstruação é amenorreia. É recomendada a visita ao médico ginecologista para maiores investigações e diagnóstico. O Lilium possui parceria com alguns profissionais e facilita o seu agendamento, para agendar agora digite: Agendar ginecologista parceiro"}},"variations":null}],"maxRetries":4}},"intentClosingSetting":null,"inputContexts":null,"outputContexts":null,"kendraConfiguration":null,"dialogCodeHook":null,"fulfillmentCodeHook":null,"slotPriorities":[]}