{"name":"TutorialInserirInfo","identifier":"EHXJNK5UTX","description":"Ajuda os usuários a entender como utilizar as funções do Lilium App","parentIntentSignature":null,"sampleUtterances":[{"utterance":"Como inserir informações sobre o ciclo"},{"utterance":"inserir informações"},{"utterance":"adicionar informações"}],"intentConfirmationSetting":null,"intentClosingSetting":null,"inputContexts":null,"outputContexts":null,"kendraConfiguration":null,"dialogCodeHook":null,"fulfillmentCodeHook":{"fulfillmentUpdatesSpecification":null,"postFulfillmentStatusSpecification":{"failureResponse":{"allowInterrupt":true,"messageGroupsList":[{"message":{"imageResponseCard":null,"ssmlMessage":null,"customPayload":null,"plainTextMessage":{"value":"Hey, não entendi. Você poderia repetir em que posso te ajudar?"}},"variations":null}]},"successResponse":{"allowInterrupt":true,"messageGroupsList":[{"message":{"imageResponseCard":null,"ssmlMessage":null,"customPayload":null,"plainTextMessage":{"value":"Para inserir informações sobre o seu ciclo, clique no ícone referente ao ciclo no centro da tela > selecione a data que deseja inserir as informações > selecione o tópico que deseja inserir e por fim selecione as informações desejadas. "}},"variations":null}]},"timeoutResponse":null},"enabled":false},"slotPriorities":[]}