{"name":"CorrimentoDuvida","identifier":"1XQ9RFW7GB","description":"Ajuda a entender as possíveis causas de corrimentos durante o ciclo menstrual","parentIntentSignature":null,"sampleUtterances":[{"utterance":"o que é corrimento"},{"utterance":"corrimento"},{"utterance":"o que pode ser corrimento"},{"utterance":"corrimento branco"},{"utterance":"corrimento marrom"},{"utterance":"corrimento amarelado"}],"intentConfirmationSetting":null,"intentClosingSetting":null,"inputContexts":null,"outputContexts":null,"kendraConfiguration":null,"dialogCodeHook":null,"fulfillmentCodeHook":{"fulfillmentUpdatesSpecification":null,"postFulfillmentStatusSpecification":{"failureResponse":{"allowInterrupt":true,"messageGroupsList":[{"message":{"imageResponseCard":null,"ssmlMessage":null,"customPayload":null,"plainTextMessage":{"value":"Não entendi, você pode tentar com outras palavras?"}},"variations":null}]},"successResponse":{"allowInterrupt":true,"messageGroupsList":[{"message":{"imageResponseCard":null,"ssmlMessage":null,"customPayload":null,"plainTextMessage":{"value":"O corrimento é todo fluxo que sai da vagina, exceto a menstruação, e, em geral, é normal em todas as mulheres.   Nos casos em que esse muco habitual muda de aspecto ou odor, ou até produz alguma sensação diferente como ardência ou coceira, se faz necessária a avaliação do ginecologista, pois pode se tratar de alguma infecção, irritação, alteração hormonal e, até mesmo, complicações da gestação. Para agendar uma consulta com um ginecologista parceiro digite: Agendar ginecologista parceiro"}},"variations":null}]},"timeoutResponse":null},"enabled":false},"slotPriorities":[]}